<?xml version="1.0" encoding="UTF-8"?>
<project-private xmlns="http://www.netbeans.org/ns/project-private/1">
    <editor-bookmarks xmlns="http://www.netbeans.org/ns/editor-bookmarks/2" lastBookmarkId="0"/>
    <open-files xmlns="http://www.netbeans.org/ns/projectui-open-files/2">
        <group>
            <file>file:/C:/Users/abd/Desktop/code%20on/Taxfunda%20(1)/Taxfunda/web/css1/style.css</file>
            <file>file:/C:/Users/abd/Desktop/code%20on/Taxfunda%20(1)/Taxfunda/web/aboutus.jsp</file>
            <file>file:/C:/Users/abd/Desktop/code%20on/Taxfunda%20(1)/Taxfunda/web/homepages.jsp</file>
            <file>file:/C:/Users/abd/Desktop/code%20on/Taxfunda%20(1)/Taxfunda/web/header.jsp</file>
            <file>file:/C:/Users/abd/Desktop/code%20on/Taxfunda%20(1)/Taxfunda/web/ccal.jsp</file>
            <file>file:/C:/Users/abd/Desktop/code%20on/Taxfunda%20(1)/Taxfunda/web/layout/styles/layout.css</file>
            <file>file:/C:/Users/abd/Desktop/code%20on/Taxfunda%20(1)/Taxfunda/web/calc.jsp</file>
            <file>file:/C:/Users/abd/Desktop/code%20on/Taxfunda%20(1)/Taxfunda/web/folder/css/style.css</file>
            <file>file:/C:/Users/abd/Desktop/code%20on/Taxfunda%20(1)/Taxfunda/web/folder/css/reset.css</file>
        </group>
    </open-files>
</project-private>
